,perfect_information_bool,num_sessions,total tardiness,number of patients tardy,average wait time (priority < 0.33),average wait_time (0.33 < priority < 0.66),average wait time 0.66 < priority,number of surgeries scheduled,num surgeries cancelled,cancelation proportion
0,False,6.6875,24.354166666666668,1.1666666666666667,24.17620936702389,18.644008748232036,13.986025589994897,36.604166666666664,1.1875,0.03149358527410049
1,True,6.6875,22.958333333333332,0.9583333333333334,22.542700244576253,16.229363434115005,11.22400951266633,37.791666666666664,0.0,0.0
