,perfect_information_bool,total tardiness,number of patients tardy,average wait time (priority < 0.33),average wait_time (0.33 < priority < 0.66),average wait time 0.66 < priority,number of surgeries scheduled,num surgeries cancelled,cancelation proportion
0,False,45.5,1.875,21.464706318472135,20.05449876215405,22.348577194526808,35.416666666666664,1.6875,0.04856719582585198
1,True,22.958333333333332,0.9583333333333334,21.91349250702653,17.289600180825037,16.157861339465416,37.229166666666664,0.0,0.0
