,perfect_information_bool,total tardiness,number of patients tardy,average wait time (priority < 0.33),average wait_time (0.33 < priority < 0.66),average wait time 0.66 < priority,number of surgeries scheduled,num surgeries cancelled,cancelation proportion
0,False,29.833333333333332,1.3125,23.752261186673945,20.443260509882453,17.732539261381365,35.979166666666664,1.5625,0.04373473029100374
1,True,22.958333333333332,0.9583333333333334,22.436676129797366,16.550516545523106,12.421966979297052,37.625,0.0,0.0
