,perfect_information_bool,total tardiness,number of patients tardy,average wait time (priority < 0.33),average wait_time (0.33 < priority < 0.66),average wait time 0.66 < priority,number of surgeries scheduled,num surgeries cancelled,cancelation proportion
0,False,26.770833333333332,1.2375,23.660351140780357,19.488105858230863,14.333338773393601,36.37916666666667,1.25,0.0341022850776548
1,True,22.9875,0.9625,22.06469279376957,16.889579792409254,10.991315268389759,37.7875,0.0,0.0
