,perfect_information_bool,total tardiness,number of patients tardy,average wait time (priority < 0.33),average wait_time (0.33 < priority < 0.66),average wait time 0.66 < priority,number of surgeries scheduled,num surgeries cancelled,cancelation proportion
0,False,28.125,1.6041666666666667,29.14104180018225,20.878915885042222,11.12807887445954,35.8125,1.5416666666666667,0.040432404040277516
1,True,22.958333333333332,0.9583333333333334,27.908746918011605,15.21842533283253,7.157231302841432,37.604166666666664,0.0,0.0
