,perfect_information_bool,total tardiness,number of patients tardy,average wait time (priority < 0.33),average wait_time (0.33 < priority < 0.66),average wait time 0.66 < priority,number of surgeries scheduled,num surgeries cancelled,cancelation proportion
0,False,11.791666666666666,1.1875,30.369746190735935,23.79909625718207,15.679439730501555,11.708333333333334,0.375,0.03860233516483517
1,True,6.916666666666667,0.625,32.71510177628744,18.405227224436782,9.933204129408173,12.395833333333334,0.0,0.0
